,tickers
0,AACG
1,AACQ
2,AACQU
3,AACQW
4,AAL
5,AAME
6,AAOI
7,AAON
8,AAPL
9,AAWW
10,AAXJ
11,AAXN
12,ABCB
13,ABCM
14,ABEO
15,ABIO
16,ABMD
17,ABST
18,ABTX
19,ABUS
20,ACACU
21,ACAD
22,ACAM
23,ACAMU
24,ACAMW
25,ACBI
26,ACCD
27,ACER
28,ACET
29,ACEV
30,ACEVU
31,ACEVW
32,ACGL
33,ACGLO
34,ACGLP
35,ACHC
36,ACHV
37,ACIA
38,ACIU
39,ACIW
40,ACLS
41,ACMR
42,ACNB
43,ACOR
44,ACRS
45,ACRX
46,ACST
47,ACTC
48,ACTCU
49,ACTCW
50,ACTG
51,ACWI
52,ACWX
53,ADAP
54,ADBE
55,ADES
56,ADI
57,ADIL
58,ADILW
59,ADMA
60,ADMP
61,ADMS
62,ADOCU
63,ADP
64,ADPT
65,ADRE
66,ADSK
67,ADTN
68,ADTX
69,ADUS
70,ADV
71,ADVM
72,ADVWW
73,ADXN
74,ADXS
75,AEGN
76,AEHL
77,AEHR
78,AEIS
79,AEMD
80,AEP
81,AEPPL
82,AEPPZ
83,AERI
84,AESE
85,AEY
86,AEYE
87,AEZS
88,AFIB
89,AFIN
90,AFINP
91,AFMD
92,AFYA
93,AGBA
94,AGBAR
95,AGBAU
96,AGBAW
97,AGCUU
98,AGEN
99,AGFS
100,AGIO
101,AGLE
102,AGMH
103,AGNC
104,AGNCM
105,AGNCN
106,AGNCO
107,AGNCP
108,AGRX
109,AGTC
110,AGYS
111,AGZD
112,AHAC
113,AHACU
114,AHACW
115,AHCO
116,AHPI
117,AIA
118,AIH
119,AIHS
120,AIKI
121,AIMC
122,AINV
123,AIQ
124,AIRG
125,AIRR
126,AIRT
127,AIRTP
128,AIRTW
129,AKAM
130,AKBA
131,AKER
132,AKRO
133,AKTS
134,AKTX
135,AKU
136,AKUS
137,ALAC
138,ALACR
139,ALACU
140,ALACW
141,ALBO
142,ALCO
143,ALDX
144,ALEC
145,ALGM
146,ALGN
147,ALGS
148,ALGT
149,ALIM
150,ALJJ
151,ALKS
152,ALLK
153,ALLO
154,ALLT
155,ALNA
156,ALNY
157,ALOT
158,ALPN
159,ALRM
160,ALRN
161,ALRS
162,ALSK
163,ALT
164,ALTA
165,ALTM
166,ALTR
167,ALTY
168,ALVR
169,ALXN
170,ALXO
171,ALYA
172,AMAL
173,AMAT
174,AMBA
175,AMCA
176,AMCI
177,AMCIU
178,AMCIW
179,AMCX
180,AMD
181,AMED
182,AMEH
183,AMGN
184,AMHC
185,AMHCU
186,AMHCW
187,AMKR
188,AMNB
189,AMOT
190,AMPH
191,AMRB
192,AMRH
193,AMRHW
194,AMRK
195,AMRN
196,AMRS
197,AMSC
198,AMSF
199,AMST
200,AMSWA
201,AMTB
202,AMTBB
203,AMTI
204,AMTX
205,AMWD
206,AMYT
207,AMZN
208,ANAB
209,ANAT
210,ANCN
211,ANDA
212,ANDAR
213,ANDAU
214,ANDAW
215,ANDE
216,ANGI
217,ANGL
218,ANGO
219,ANIK
220,ANIP
221,ANIX
222,ANNX
223,ANPC
224,ANSS
225,ANTE
226,ANY
227,AOSL
228,AOUT
229,APA
230,APDN
231,APEI
232,APEN
233,APHA
234,API
235,APLS
236,APLT
237,APM
238,APOG
239,APOP
240,APOPW
241,APPF
242,APPN
243,APPS
244,APRE
245,APTO
246,APTX
247,APVO
248,APWC
249,APXT
250,APXTU
251,APXTW
252,APYX
253,AQB
254,AQMS
255,AQST
256,ARAV
257,ARAY
258,ARBGU
259,ARCB
260,ARCC
261,ARCE
262,ARCT
263,ARDS
264,ARDX
265,AREC
266,ARGX
267,ARKR
268,ARLP
269,ARNA
270,AROW
271,ARPO
272,ARQT
273,ARRY
274,ARTL
275,ARTLW
276,ARTNA
277,ARTW
278,ARVN
279,ARWR
280,ARYA
281,ASET
282,ASLN
283,ASMB
284,ASML
285,ASND
286,ASO
287,ASPS
288,ASPU
289,ASRT
290,ASRV
291,ASRVP
292,ASTC
293,ASTE
294,ASUR
295,ASYS
296,ATAX
297,ATCX
298,ATCXW
299,ATEC
300,ATEX
301,ATHA
302,ATHE
303,ATHX
304,ATIF
305,ATLC
306,ATLO
307,ATNF
308,ATNFW
309,ATNI
310,ATNX
311,ATOM
312,ATOS
313,ATRA
314,ATRC
315,ATRI
316,ATRO
317,ATRS
318,ATSG
319,ATVI
320,ATXI
321,AUB
322,AUBAP
323,AUBN
324,AUDC
325,AUPH
326,AUTL
327,AUTO
328,AUVI
329,AVAV
330,AVCO
331,AVCT
332,AVCTW
333,AVDL
334,AVEO
335,AVGO
336,AVGOP
337,AVGR
338,AVID
339,AVIR
340,AVNW
341,AVO
342,AVRO
343,AVT
344,AVXL
345,AWH
346,AWRE
347,AXAS
348,AXDX
349,AXGN
350,AXLA
351,AXNX
352,AXSM
353,AXTI
354,AY
355,AYLA
356,AYRO
357,AYTU
358,AZN
359,AZPN
360,AZRX
361,AZYO
362,BAND
363,BANF
364,BANFP
365,BANR
366,BANX
367,BASI
368,BATRA
369,BATRK
370,BBBY
371,BBCP
372,BBGI
373,BBH
374,BBI
375,BBIG
376,BBIO
377,BBQ
378,BBSI
379,BCBP
380,BCDA
381,BCDAW
382,BCEL
383,BCLI
384,BCML
385,BCOR
386,BCOV
387,BCOW
388,BCPC
389,BCRX
390,BCTG
391,BCYC
392,BDGE
393,BDSI
394,BDSX
395,BDTX
396,BEAM
397,BEAT
398,BECN
399,BEEM
400,BEEMW
401,BELFA
402,BELFB
403,BFC
404,BFIN
405,BFIT
406,BFRA
407,BFST
408,BGCP
409,BGFV
410,BGNE
411,BGRN
412,BHAT
413,BHF
414,BHFAL
415,BHFAN
416,BHFAO
417,BHFAP
418,BHSEU
419,BHTG
420,BIB
421,BICK
422,BIDU
423,BIGC
424,BIIB
425,BILI
426,BIMI
427,BIOC
428,BIOL
429,BIS
430,BIVI
431,BJK
432,BJRI
433,BKCC
434,BKEP
435,BKEPP
436,BKNG
437,BKSC
438,BKYI
439,BL
440,BLBD
441,BLCM
442,BLCN
443,BLCT
444,BLDP
445,BLDR
446,BLFS
447,BLI
448,BLIN
449,BLKB
450,BLMN
451,BLNK
452,BLNKW
453,BLPH
454,BLRX
455,BLSA
456,BLU
457,BLUE
458,BMCH
459,BMLP
460,BMRA
461,BMRC
462,BMRN
463,BMTC
464,BND
465,BNDW
466,BNDX
467,BNFT
468,BNGO
469,BNGOW
470,BNR
471,BNSO
472,BNTC
473,BNTX
474,BOCH
475,BOKF
476,BOKFL
477,BOMN
478,BOOM
479,BOSC
480,BOTJ
481,BOTZ
482,BOWX
483,BOWXU
484,BOWXW
485,BOXL
486,BPFH
487,BPMC
488,BPOP
489,BPOPM
490,BPOPN
491,BPRN
492,BPTH
493,BPY
494,BPYPN
495,BPYPO
496,BPYPP
497,BPYU
498,BPYUP
499,BREZU
500,BRID
501,BRKL
502,BRKR
503,BRKS
504,BRLI
505,BRLIR
506,BRLIU
507,BRLIW
508,BROG
509,BROGW
510,BRP
511,BRPA
512,BRPAR
513,BRPAU
514,BRPAW
515,BRQS
516,BRY
517,BSAE
518,BSBE
519,BSBK
520,BSCE
521,BSCK
522,BSCL
523,BSCM
524,BSCN
525,BSCO
526,BSCP
527,BSCQ
528,BSCR
529,BSCS
530,BSCT
531,BSCU
532,BSDE
533,BSET
534,BSGM
535,BSJK
536,BSJL
537,BSJM
538,BSJN
539,BSJO
540,BSJP
541,BSJQ
542,BSJR
543,BSJS
544,BSML
545,BSMM
546,BSMN
547,BSMO
548,BSMP
549,BSMQ
550,BSMR
551,BSMS
552,BSMT
553,BSMU
554,BSQR
555,BSRR
556,BSTC
557,BSVN
558,BSY
559,BTAI
560,BTAQ
561,BTAQU
562,BTAQW
563,BTBT
564,BTEC
565,BTWNU
566,BUG
567,BUSE
568,BVXV
569,BWACU
570,BWAY
571,BWB
572,BWEN
573,BWFG
574,BWMX
575,BXRX
576,BYFC
577,BYND
578,BYSI
579,BZUN
580,CAAS
581,CABA
582,CAC
583,CACC
584,CACG
585,CAKE
586,CALA
587,CALB
588,CALM
589,CALT
590,CAMP
591,CAMT
592,CAN
593,CAPA
594,CAPAU
595,CAPAW
596,CAPR
597,CAR
598,CARA
599,CARE
600,CARG
601,CARV
602,CARZ
603,CASA
604,CASH
605,CASI
606,CASS
607,CASY
608,CATB
609,CATC
610,CATH
611,CATM
612,CATY
613,CBAN
614,CBAT
615,CBAY
616,CBFV
617,CBIO
618,CBLI
619,CBMB
620,CBMG
621,CBNK
622,CBPO
623,CBRL
624,CBSH
625,CBTX
626,CCAP
627,CCB
628,CCBG
629,CCCC
630,CCD
631,CCLP
632,CCMP
633,CCNC
634,CCNE
635,CCNEP
636,CCOI
637,CCRC
638,CCRN
639,CCXI
640,CD
641,CDAK
642,CDC
643,CDEV
644,CDK
645,CDL
646,CDLX
647,CDMO
648,CDMOP
649,CDNA
650,CDNS
651,CDTX
652,CDW
653,CDXC
654,CDXS
655,CDZI
656,CECE
657,CEFA
658,CELC
659,CELH
660,CEMI
661,CENT
662,CENTA
663,CENX
664,CERC
665,CERE
666,CEREW
667,CERN
668,CERS
669,CETX
670,CETXP
671,CETXW
672,CEVA
673,CEY
674,CEZ
675,CFA
676,CFACU
677,CFB
678,CFBI
679,CFBK
680,CFFI
681,CFFN
682,CFII
683,CFIIU
684,CFIIW
685,CFMS
686,CFO
687,CFRX
688,CG
689,CGBD
690,CGC
691,CGEN
692,CGIX
693,CGNX
694,CGO
695,CGRO
696,CGROU
697,CGROW
698,CHB
699,CHCI
700,CHCO
701,CHDN
702,CHEF
703,CHEK
704,CHEKZ
705,CHFS
706,CHI
707,CHKP
708,CHMA
709,CHMG
710,CHNA
711,CHNG
712,CHNGU
713,CHNR
714,CHPM
715,CHPMU
716,CHPMW
717,CHRS
718,CHRW
719,CHSCL
720,CHSCM
721,CHSCN
722,CHSCO
723,CHSCP
724,CHTR
725,CHUY
726,CHW
727,CHY
728,CIBR
729,CID
730,CIDM
731,CIGI
732,CIH
733,CIIC
734,CIICU
735,CIICW
736,CIL
737,CINF
738,CIVB
739,CIZ
740,CIZN
741,CJJD
742,CKPT
743,CLAR
744,CLBK
745,CLBS
746,CLCT
747,CLDB
748,CLDX
749,CLEU
750,CLFD
751,CLGN
752,CLIR
753,CLLS
754,CLMT
755,CLNE
756,CLOU
757,CLPS
758,CLPT
759,CLRB
760,CLRBZ
761,CLRG
762,CLRO
763,CLSD
764,CLSK
765,CLSN
766,CLVS
767,CLWT
768,CLXT
769,CMBM
770,CMCO
771,CMCSA
772,CMCT
773,CMCTP
774,CME
775,CMFNL
776,CMLF
777,CMLFU
778,CMLFW
779,CMLS
780,CMPI
781,CMPR
782,CMPS
783,CMRX
784,CMTL
785,CNBKA
786,CNCE
787,CNCR
788,CNDT
789,CNET
790,CNFR
791,CNFRL
792,CNNB
793,CNOB
794,CNSL
795,CNSP
796,CNST
797,CNTG
798,CNTY
799,CNXCV
800,CNXN
801,COCP
802,CODA
803,CODX
804,COFS
805,COGT
806,COHR
807,COHU
808,COKE
809,COLB
810,COLL
811,COLM
812,COMM
813,COMT
814,CONE
815,CONN
816,CONXU
817,COOP
818,CORE
819,CORT
820,COST
821,COUP
822,COWN
823,COWNL
824,COWNZ
825,CPAH
826,CPHC
827,CPIX
828,CPLP
829,CPRT
830,CPRX
831,CPSH
832,CPSI
833,CPSS
834,CPST
835,CPTA
836,CPTAG
837,CPTAL
838,CPZ
839,CRAI
840,CRBP
841,CRDF
842,CREE
843,CREG
844,CRESY
845,CREX
846,CREXW
847,CRIS
848,CRMT
849,CRNC
850,CRNT
851,CRNX
852,CRON
853,CROX
854,CRSA
855,CRSAU
856,CRSAW
857,CRSP
858,CRSR
859,CRTD
860,CRTDW
861,CRTO
862,CRTX
863,CRUS
864,CRVL
865,CRVS
866,CRWD
867,CRWS
868,CSA
869,CSB
870,CSBR
871,CSCO
872,CSCW
873,CSF
874,CSGP
875,CSGS
876,CSII
877,CSIQ
878,CSML
879,CSOD
880,CSPI
881,CSQ
882,CSSE
883,CSSEN
884,CSSEP
885,CSTE
886,CSTL
887,CSTR
888,CSWC
889,CSWCL
890,CSWI
891,CSX
892,CTAS
893,CTBI
894,CTEC
895,CTG
896,CTHR
897,CTIB
898,CTIC
899,CTMX
900,CTRE
901,CTRM
902,CTRN
903,CTSH
904,CTSO
905,CTXR
906,CTXRW
907,CTXS
908,CUBA
909,CUE
910,CURI
911,CURIW
912,CUTR
913,CVAC
914,CVBF
915,CVCO
916,CVCY
917,CVET
918,CVGI
919,CVGW
920,CVLG
921,CVLT
922,CVLY
923,CVV
924,CWBC
925,CWBR
926,CWCO
927,CWST
928,CXDC
929,CXDO
930,CXSE
931,CYAD
932,CYAN
933,CYBE
934,CYBR
935,CYCC
936,CYCCP
937,CYCN
938,CYRN
939,CYRX
940,CYTK
941,CZNC
942,CZR
943,CZWI
944,DADA
945,DAIO
946,DAKT
947,DALI
948,DARE
949,DAX
950,DBDR
951,DBDRU
952,DBDRW
953,DBVT
954,DBX
955,DCOM
956,DCOMP
957,DCPH
958,DCRBU
959,DCT
960,DCTH
961,DDIV
962,DDOG
963,DEMZ
964,DENN
965,DFFN
966,DFHT
967,DFHTU
968,DFHTW
969,DFNL
970,DFPH
971,DFPHU
972,DFPHW
973,DGICA
974,DGICB
975,DGII
976,DGLY
977,DGNS
978,DGRE
979,DGRS
980,DGRW
981,DHC
982,DHCNI
983,DHCNL
984,DHIL
985,DINT
986,DIOD
987,DISCA
988,DISCB
989,DISCK
990,DISH
991,DJCO
992,DKNG
993,DLHC
994,DLPN
995,DLPNW
996,DLTH
997,DLTR
998,DMAC
999,DMLP
1000,DMRC
1001,DMTK
1002,DMXF
1003,DNKN
1004,DNLI
1005,DOCU
1006,DOGZ
1007,DOMO
1008,DOOO
1009,DORM
1010,DOX
1011,DOYU
1012,DRAD
1013,DRADP
1014,DRIO
1015,DRIOW
1016,DRIV
1017,DRNA
1018,DRRX
1019,DRTT
1020,DSACU
1021,DSGX
1022,DSKE
1023,DSKEW
1024,DSPG
1025,DSWL
1026,DTEA
1027,DTIL
1028,DTSS
1029,DUO
1030,DUOT
1031,DUSA
1032,DVAX
1033,DVLU
1034,DVOL
1035,DVY
1036,DWAS
1037,DWAT
1038,DWAW
1039,DWCR
1040,DWEQ
1041,DWFI
1042,DWLD
1043,DWMC
1044,DWPP
1045,DWSH
1046,DWSN
1047,DWUS
1048,DXCM
1049,DXGE
1050,DXJS
1051,DXLG
1052,DXPE
1053,DXYN
1054,DYAI
1055,DYN
1056,DYNT
1057,DZSI
1058,EA
1059,EAR
1060,EARS
1061,EAST
1062,EBAY
1063,EBAYL
1064,EBC
1065,EBIX
1066,EBIZ
1067,EBMT
1068,EBON
1069,EBSB
1070,EBTC
1071,ECHO
1072,ECOL
1073,ECOLW
1074,ECOR
1075,ECOW
1076,ECPG
1077,EDAP
1078,EDIT
1079,EDOC
1080,EDRY
1081,EDSA
1082,EDTK
1083,EDUC
1084,EDUT
1085,EEFT
1086,EEMA
1087,EFAS
1088,EFOI
1089,EFSC
1090,EGAN
1091,EGBN
1092,EGLE
1093,EGOV
1094,EGRX
1095,EH
1096,EHTH
1097,EIDX
1098,EIGI
1099,EIGR
1100,EKSO
1101,ELOX
1102,ELSE
1103,ELTK
1104,ELYS
1105,EMB
1106,EMCB
1107,EMCF
1108,EMIF
1109,EMKR
1110,EML
1111,EMXC
1112,EMXF
1113,ENDP
1114,ENG
1115,ENLV
1116,ENOB
1117,ENPH
1118,ENSG
1119,ENTA
1120,ENTG
1121,ENTX
1122,ENTXW
1123,ENZL
1124,EOLS
1125,EOSE
1126,EOSEW
1127,EPAY
1128,EPIX
1129,EPSN
1130,EPZM
1131,EQ
1132,EQBK
1133,EQIX
1134,EQOS
1135,EQOSW
1136,EQRR
1137,ERES
1138,ERESU
1139,ERESW
1140,ERIC
1141,ERIE
1142,ERII
1143,ERYP
1144,ESBK
1145,ESCA
1146,ESEA
1147,ESGD
1148,ESGE
1149,ESGR
1150,ESGRO
1151,ESGRP
1152,ESGU
1153,ESLT
1154,ESPO
1155,ESPR
1156,ESQ
1157,ESSA
1158,ESSC
1159,ESSCR
1160,ESSCU
1161,ESSCW
1162,ESTA
1163,ESXB
1164,ETAC
1165,ETACU
1166,ETACW
1167,ETNB
1168,ETON
1169,ETSY
1170,ETTX
1171,EUCRU
1172,EUFN
1173,EVBG
1174,EVER
1175,EVFM
1176,EVGBC
1177,EVGN
1178,EVK
1179,EVLMC
1180,EVLO
1181,EVOK
1182,EVOL
1183,EVOP
1184,EVSTC
1185,EWBC
1186,EWEB
1187,EWJE
1188,EWJV
1189,EWZS
1190,EXAS
1191,EXC
1192,EXEL
1193,EXFO
1194,EXLS
1195,EXPC
1196,EXPCU
1197,EXPCW
1198,EXPD
1199,EXPE
1200,EXPI
1201,EXPO
1202,EXTR
1203,EYE
1204,EYEG
1205,EYEN
1206,EYES
1207,EYESW
1208,EYPT
1209,EZPW
1210,FAAR
1211,FAB
1212,FAD
1213,FALN
1214,FAMI
1215,FANG
1216,FANH
1217,FARM
1218,FARO
1219,FAST
1220,FAT
1221,FATBP
1222,FATBW
1223,FATE
1224,FB
1225,FBIO
1226,FBIOP
1227,FBIZ
1228,FBMS
1229,FBNC
1230,FBRX
1231,FBSS
1232,FBZ
1233,FCA
1234,FCAC
1235,FCACU
1236,FCACW
1237,FCAL
1238,FCAP
1239,FCBC
1240,FCBP
1241,FCCO
1242,FCCY
1243,FCEF
1244,FCEL
1245,FCFS
1246,FCNCA
1247,FCNCP
1248,FCRD
1249,FCVT
1250,FDBC
1251,FDIV
1252,FDNI
1253,FDT
1254,FDTS
1255,FDUS
1256,FDUSG
1257,FDUSL
1258,FDUSZ
1259,FEIM
1260,FELE
1261,FEM
1262,FEMB
1263,FEMS
1264,FENC
1265,FEP
1266,FEUZ
1267,FEX
1268,FEYE
1269,FFBC
1270,FFBW
1271,FFHL
1272,FFIC
1273,FFIN
1274,FFIV
1275,FFNW
1276,FFWM
1277,FGBI
1278,FGEN
1279,FGM
1280,FHB
1281,FHTX
1282,FIBK
1283,FID
1284,FIII
1285,FIIIU
1286,FIIIW
1287,FINX
1288,FISI
1289,FISV
1290,FITB
1291,FITBI
1292,FITBO
1293,FITBP
1294,FIVE
1295,FIVN
1296,FIXD
1297,FIXX
1298,FIZZ
1299,FJP
1300,FKU
1301,FLDM
1302,FLEX
1303,FLGT
1304,FLIC
1305,FLIR
1306,FLL
1307,FLMN
1308,FLMNW
1309,FLN
1310,FLNT
1311,FLUX
1312,FLWS
1313,FLXN
1314,FLXS
1315,FMAO
1316,FMB
1317,FMBH
1318,FMBI
1319,FMBIO
1320,FMBIP
1321,FMHI
1322,FMK
1323,FMNB
1324,FMTX
1325,FNCB
1326,FNHC
1327,FNK
1328,FNKO
1329,FNLC
1330,FNWB
1331,FNX
1332,FNY
1333,FOCS
1334,FOLD
1335,FONR
1336,FORD
1337,FORM
1338,FORR
1339,FORTY
1340,FOSL
1341,FOX
1342,FOXA
1343,FOXF
1344,FPA
1345,FPAY
1346,FPRX
1347,FPXE
1348,FPXI
1349,FRAF
1350,FRAN
1351,FRBA
1352,FRBK
1353,FREE
1354,FREEW
1355,FREQ
1356,FRG
1357,FRGAP
1358,FRGI
1359,FRHC
1360,FRLN
1361,FRME
1362,FROG
1363,FRPH
1364,FRPT
1365,FRSX
1366,FRTA
1367,FSBW
1368,FSDC
1369,FSEA
1370,FSFG
1371,FSLR
1372,FSRV
1373,FSRVU
1374,FSRVW
1375,FSTR
1376,FSTX
1377,FSV
1378,FSZ
1379,FTA
1380,FTAG
1381,FTC
1382,FTCS
1383,FTDR
1384,FTEK
1385,FTFT
1386,FTGC
1387,FTHI
1388,FTHM
1389,FTIV
1390,FTIVU
1391,FTIVW
1392,FTLB
1393,FTNT
1394,FTOC
1395,FTOCU
1396,FTOCW
1397,FTRI
1398,FTSL
1399,FTSM
1400,FTXD
1401,FTXG
1402,FTXH
1403,FTXL
1404,FTXN
1405,FTXO
1406,FTXR
1407,FULC
1408,FULT
1409,FULTP
1410,FUNC
1411,FUND
1412,FUSB
1413,FUSN
1414,FUTU
1415,FUV
1416,FV
1417,FVAM
1418,FVC
1419,FVCB
1420,FVE
1421,FWONA
1422,FWONK
1423,FWP
1424,FWRD
1425,FXNC
1426,FYC
1427,FYT
1428,FYX
1429,GABC
1430,GAIA
1431,GAIN
1432,GAINL
1433,GAINM
1434,GALT
1435,GAN
1436,GASS
1437,GBCI
1438,GBDC
1439,GBIO
1440,GBLI
1441,GBLIL
1442,GBT
1443,GCBC
1444,GCMG
1445,GCMGW
1446,GDEN
1447,GDRX
1448,GDS
1449,GDYN
1450,GDYNW
1451,GEC
1452,GECC
1453,GECCL
1454,GECCM
1455,GECCN
1456,GENC
1457,GENE
1458,GENY
1459,GEOS
1460,GERN
1461,GEVO
1462,GFED
1463,GFN
1464,GFNCP
1465,GFNSL
1466,GFNSZ
1467,GGAL
1468,GH
1469,GHIV
1470,GHIVU
1471,GHIVW
1472,GHSI
1473,GIFI
1474,GIGE
1475,GIGM
1476,GIII
1477,GILD
1478,GILT
1479,GLAD
1480,GLADD
1481,GLADL
1482,GLBS
1483,GLBZ
1484,GLDD
1485,GLDI
1486,GLG
1487,GLIBA
1488,GLIBP
1489,GLMD
1490,GLNG
1491,GLPG
1492,GLPI
1493,GLRE
1494,GLSI
1495,GLTO
1496,GLUU
1497,GLYC
1498,GMAB
1499,GMBL
1500,GMBLW
1501,GMDA
1502,GMHI
1503,GMHIU
1504,GMHIW
1505,GMLP
1506,GMLPP
1507,GNCA
1508,GNFT
1509,GNLN
1510,GNMA
1511,GNMK
1512,GNOM
1513,GNPX
1514,GNRS
1515,GNRSU
1516,GNRSW
1517,GNSS
1518,GNTX
1519,GNTY
1520,GNUS
1521,GO
1522,GOCO
1523,GOGL
1524,GOGO
1525,GOOD
1526,GOODM
1527,GOODN
1528,GOOG
1529,GOOGL
1530,GOSS
1531,GOVX
1532,GOVXW
1533,GP
1534,GPP
1535,GPRE
1536,GPRO
1537,GRAY
1538,GRBK
1539,GRCY
1540,GRCYU
1541,GRCYW
1542,GRFS
1543,GRID
1544,GRIF
1545,GRIL
1546,GRIN
1547,GRMN
1548,GRNQ
1549,GRNV
1550,GRNVR
1551,GRNVU
1552,GRNVW
1553,GROW
1554,GRPN
1555,GRSV
1556,GRSVU
1557,GRSVW
1558,GRTS
1559,GRTX
1560,GRVY
1561,GRWG
1562,GSBC
1563,GSHD
1564,GSIT
1565,GSKY
1566,GSM
1567,GSMG
1568,GSMGW
1569,GSUM
1570,GT
1571,GTEC
1572,GTH
1573,GTHX
1574,GTIM
1575,GTLS
1576,GTYH
1577,GURE
1578,GVP
1579,GWACU
1580,GWGH
1581,GWPH
1582,GWRS
1583,GXGX
1584,GXGXU
1585,GXGXW
1586,GXTG
1587,GYRO
1588,HA
1589,HAACU
1590,HAFC
1591,HAIN
1592,HALL
1593,HALO
1594,HAPP
1595,HARP
1596,HAS
1597,HAYN
1598,HBAN
1599,HBANN
1600,HBANO
1601,HBCP
1602,HBIO
1603,HBMD
1604,HBNC
1605,HBP
1606,HBT
1607,HCAC
1608,HCACU
1609,HCACW
1610,HCAP
1611,HCAPZ
1612,HCAT
1613,HCCH
1614,HCCHR
1615,HCCHU
1616,HCCHW
1617,HCCI
1618,HCDI
1619,HCKT
1620,HCM
1621,HCSG
1622,HDS
1623,HDSN
1624,HEAR
1625,HEC
1626,HECCU
1627,HECCW
1628,HEES
1629,HELE
1630,HEPA
1631,HERD
1632,HERO
1633,HEWG
1634,HFBL
1635,HFEN
1636,HFFG
1637,HFWA
1638,HGBL
1639,HGEN
1640,HGSH
1641,HHR
1642,HIBB
1643,HIFS
1644,HIHO
1645,HIMX
1646,HJLI
1647,HJLIW
1648,HLAL
1649,HLG
1650,HLIO
1651,HLIT
1652,HLNE
1653,HLXA
1654,HMHC
1655,HMNF
1656,HMST
1657,HMSY
1658,HMTV
1659,HNDL
1660,HNNA
1661,HNRG
1662,HOFT
1663,HOFV
1664,HOFVW
1665,HOL
1666,HOLI
1667,HOLUU
1668,HOLUW
1669,HOLX
1670,HOMB
1671,HONE
1672,HOOK
1673,HOPE
1674,HOTH
1675,HOVNP
1676,HPK
1677,HPKEW
1678,HQI
1679,HQY
1680,HRMY
1681,HROW
1682,HRTX
1683,HRZN
1684,HSAQ
1685,HSDT
1686,HSIC
1687,HSII
1688,HSKA
1689,HSON
1690,HST
1691,HSTM
1692,HSTO
1693,HTBI
1694,HTBK
1695,HTBX
1696,HTGM
1697,HTHT
1698,HTIA
1699,HTLD
1700,HTLF
1701,HTLFP
1702,HUBG
1703,HUGE
1704,HUIZ
1705,HURC
1706,HURN
1707,HUSN
1708,HVBC
1709,HWBK
1710,HWC
1711,HWCC
1712,HWCPL
1713,HWCPZ
1714,HWKN
1715,HX
1716,HYAC
1717,HYACU
1718,HYACW
1719,HYLS
1720,HYMC
1721,HYMCW
1722,HYMCZ
1723,HYRE
1724,HYXF
1725,HYZD
1726,HZNP
1727,IAC
1728,IART
1729,IBB
1730,IBBJ
1731,IBCP
1732,IBEX
1733,IBKR
1734,IBOC
1735,IBTA
1736,IBTB
1737,IBTD
1738,IBTE
1739,IBTF
1740,IBTG
1741,IBTH
1742,IBTI
1743,IBTJ
1744,IBTK
1745,IBTX
1746,ICAD
1747,ICBK
1748,ICCC
1749,ICCH
1750,ICFI
1751,ICHR
1752,ICLK
1753,ICLN
1754,ICLR
1755,ICMB
1756,ICON
1757,ICPT
1758,ICUI
1759,IDCC
1760,IDEX
1761,IDLB
1762,IDN
1763,IDRA
1764,IDXG
1765,IDXX
1766,IDYA
1767,IEA
1768,IEAWW
1769,IEC
1770,IEF
1771,IEI
1772,IEP
1773,IESC
1774,IEUS
1775,IFGL
1776,IFMK
1777,IFRX
1778,IFV
1779,IGAC
1780,IGACU
1781,IGACW
1782,IGF
1783,IGIB
1784,IGIC
1785,IGICW
1786,IGMS
1787,IGOV
1788,IGSB
1789,IHRT
1790,III
1791,IIIN
1792,IIIV
1793,IIN
1794,IIVI
1795,IIVIP
1796,IJT
1797,IKNX
1798,ILMN
1799,ILPT
1800,IMAB
1801,IMAC
1802,IMACW
1803,IMBI
1804,IMGN
1805,IMKTA
1806,IMMP
1807,IMMR
1808,IMNM
1809,IMOS
1810,IMRA
1811,IMRN
1812,IMRNW
1813,IMTE
1814,IMTX
1815,IMTXW
1816,IMUX
1817,IMV
1818,IMVT
1819,IMXI
1820,INAQ
1821,INAQU
1822,INAQW
1823,INBK
1824,INBKL
1825,INBKZ
1826,INBX
1827,INCY
1828,INDB
1829,INDY
1830,INFI
1831,INFN
1832,INFR
1833,INGN
1834,INM
1835,INMB
1836,INMD
1837,INO
1838,INOD
1839,INOV
1840,INPX
1841,INSE
1842,INSG
1843,INSM
1844,INTC
1845,INTG
1846,INTU
1847,INTZ
1848,INVA
1849,INVE
1850,INVO
1851,INZY
1852,IONS
1853,IOSP
1854,IOVA
1855,IPAR
1856,IPDN
1857,IPGP
1858,IPHA
1859,IPHI
1860,IPKW
1861,IPLDP
1862,IPWR
1863,IQ
1864,IRBT
1865,IRCP
1866,IRDM
1867,IRIX
1868,IRMD
1869,IROQ
1870,IRTC
1871,IRWD
1872,ISBC
1873,ISDX
1874,ISEE
1875,ISEM
1876,ISHG
1877,ISIG
1878,ISNS
1879,ISRG
1880,ISSC
1881,ISTB
1882,ISTR
1883,ITAC
1884,ITACU
1885,ITACW
1886,ITCI
1887,ITI
1888,ITIC
1889,ITMR
1890,ITOS
1891,ITRI
1892,ITRM
1893,ITRN
1894,IUS
1895,IUSB
1896,IUSG
1897,IUSS
1898,IUSV
1899,IVA
1900,IVAC
1901,IXUS
1902,IZEA
1903,JACK
1904,JAGX
1905,JAKK
1906,JAMF
1907,JAN
1908,JAZZ
1909,JBHT
1910,JBLU
1911,JBSS
1912,JCOM
1913,JCS
1914,JCTCF
1915,JD
1916,JFIN
1917,JFU
1918,JG
1919,JJSF
1920,JKHY
1921,JKI
1922,JMPNL
1923,JMPNZ
1924,JNCE
1925,JOBS
1926,JOET
1927,JOUT
1928,JRJC
1929,JRSH
1930,JRVR
1931,JSM
1932,JSMD
1933,JSML
1934,JUPW
1935,JUPWW
1936,JVA
1937,JYAC
1938,JYNT
1939,KALA
1940,KALU
1941,KALV
1942,KBAL
1943,KBNT
1944,KBNTW
1945,KBSF
1946,KBWB
1947,KBWD
1948,KBWP
1949,KBWR
1950,KBWY
1951,KC
1952,KCAPL
1953,KDMN
1954,KDNY
1955,KDP
1956,KE
1957,KELYA
1958,KELYB
1959,KEQU
1960,KERN
1961,KERNW
1962,KFFB
1963,KFRC
1964,KHC
1965,KIDS
1966,KIN
1967,KINS
1968,KIRK
1969,KLAC
1970,KLDO
1971,KLIC
1972,KLXE
1973,KMDA
1974,KNDI
1975,KNSA
1976,KNSL
1977,KOD
1978,KOPN
1979,KOR
1980,KOSS
1981,KPTI
1982,KRBP
1983,KRKR
1984,KRMA
1985,KRMD
1986,KRNT
1987,KRNY
1988,KRON
1989,KROS
1990,KRTX
1991,KRUS
1992,KRYS
1993,KSMT
1994,KSMTU
1995,KSMTW
1996,KSPN
1997,KTCC
1998,KTOS
1999,KTOV
2000,KTRA
2001,KURA
2002,KVHI
2003,KXIN
2004,KYMR
2005,KZIA
2006,KZR
2007,LACQ
2008,LACQU
2009,LACQW
2010,LAKE
2011,LAMR
2012,LANC
2013,LAND
2014,LANDO
2015,LANDP
2016,LARK
2017,LASR
2018,LATN
2019,LATNU
2020,LATNW
2021,LAUR
2022,LAWS
2023,LAZY
2024,LBAI
2025,LBC
2026,LBRDA
2027,LBRDK
2028,LBTYA
2029,LBTYB
2030,LBTYK
2031,LCA
2032,LCAHU
2033,LCAHW
2034,LCAP
2035,LCAPU
2036,LCAPW
2037,LCNB
2038,LCUT
2039,LCY
2040,LCYAU
2041,LCYAW
2042,LDEM
2043,LDSF
2044,LE
2045,LECO
2046,LEDS
2047,LEGH
2048,LEGN
2049,LEGR
2050,LESL
2051,LEVL
2052,LEVLP
2053,LFAC
2054,LFACU
2055,LFACW
2056,LFTRU
2057,LFUS
2058,LFVN
2059,LGHL
2060,LGHLW
2061,LGIH
2062,LGND
2063,LHCG
2064,LI
2065,LIFE
2066,LILA
2067,LILAK
2068,LINC
2069,LIND
2070,LIQT
2071,LITE
2072,LIVE
2073,LIVK
2074,LIVKU
2075,LIVKW
2076,LIVN
2077,LIVX
2078,LIXT
2079,LIXTW
2080,LIZI
2081,LJPC
2082,LKCO
2083,LKFN
2084,LKQ
2085,LLIT
2086,LLNW
2087,LMAT
2088,LMB
2089,LMBS
2090,LMFA
2091,LMNL
2092,LMNR
2093,LMNX
2094,LMPX
2095,LMRK
2096,LMRKN
2097,LMRKO
2098,LMRKP
2099,LMST
2100,LNDC
2101,LNGR
2102,LNSR
2103,LNT
2104,LNTH
2105,LOAC
2106,LOACR
2107,LOACU
2108,LOACW
2109,LOAN
2110,LOB
2111,LOCO
2112,LOGC
2113,LOGI
2114,LOOP
2115,LOPE
2116,LORL
2117,LOVE
2118,LPCN
2119,LPLA
2120,LPRO
2121,LPSN
2122,LPTH
2123,LPTX
2124,LQDA
2125,LQDT
2126,LRCX
2127,LRGE
2128,LRMR
2129,LSAC
2130,LSACU
2131,LSACW
2132,LSAQ
2133,LSBK
2134,LSCC
2135,LSTR
2136,LSXMA
2137,LSXMB
2138,LSXMK
2139,LTBR
2140,LTRN
2141,LTRPA
2142,LTRPB
2143,LTRX
2144,LULU
2145,LUMO
2146,LUNA
2147,LUNG
2148,LUXAU
2149,LVHD
2150,LWAY
2151,LX
2152,LXEH
2153,LXRX
2154,LYFT
2155,LYL
2156,LYRA
2157,LYTS
2158,MAACU
2159,MACK
2160,MACU
2161,MACUU
2162,MACUW
2163,MAGS
2164,MANH
2165,MANT
2166,MAR
2167,MARA
2168,MARK
2169,MARPS
2170,MASI
2171,MAT
2172,MATW
2173,MAXN
2174,MAYS
2175,MBB
2176,MBCN
2177,MBII
2178,MBIN
2179,MBINO
2180,MBINP
2181,MBIO
2182,MBNKP
2183,MBOT
2184,MBRX
2185,MBUU
2186,MBWM
2187,MCAC
2188,MCACR
2189,MCACU
2190,MCBC
2191,MCBS
2192,MCEF
2193,MCEP
2194,MCFE
2195,MCFT
2196,MCHI
2197,MCHP
2198,MCHX
2199,MCMJ
2200,MCMJW
2201,MCRB
2202,MCRI
2203,MDB
2204,MDCA
2205,MDGL
2206,MDGS
2207,MDGSW
2208,MDIA
2209,MDIV
2210,MDJH
2211,MDLZ
2212,MDNA
2213,MDRR
2214,MDRRP
2215,MDRX
2216,MDVL
2217,MDWD
2218,MDXG
2219,MEDP
2220,MEDS
2221,MEIP
2222,MELI
2223,MEOH
2224,MERC
2225,MESA
2226,MESO
2227,METC
2228,METX
2229,METXW
2230,MFH
2231,MFIN
2232,MFINL
2233,MFNC
2234,MGEE
2235,MGEN
2236,MGI
2237,MGIC
2238,MGLN
2239,MGNI
2240,MGNX
2241,MGPI
2242,MGRC
2243,MGTA
2244,MGTX
2245,MGYR
2246,MHLD
2247,MICT
2248,MIDD
2249,MIK
2250,MILN
2251,MIME
2252,MIND
2253,MINDP
2254,MIRM
2255,MIST
2256,MITK
2257,MITO
2258,MKD
2259,MKGI
2260,MKSI
2261,MKTX
2262,MLAB
2263,MLAC
2264,MLACU
2265,MLACW
2266,MLCO
2267,MLHR
2268,MLND
2269,MLVF
2270,MMAC
2271,MMLP
2272,MMSI
2273,MMYT
2274,MNCL
2275,MNCLU
2276,MNCLW
2277,MNDO
2278,MNKD
2279,MNOV
2280,MNPR
2281,MNRO
2282,MNSB
2283,MNSBP
2284,MNST
2285,MNTX
2286,MOBL
2287,MOFG
2288,MOGO
2289,MOHO
2290,MOMO
2291,MOR
2292,MORF
2293,MORN
2294,MOSY
2295,MOTNU
2296,MOTS
2297,MOXC
2298,MPAA
2299,MPB
2300,MPWR
2301,MRAM
2302,MRBK
2303,MRCC
2304,MRCCL
2305,MRCY
2306,MREO
2307,MRIN
2308,MRKR
2309,MRLN
2310,MRNA
2311,MRNS
2312,MRSN
2313,MRTN
2314,MRTX
2315,MRUS
2316,MRVI
2317,MRVL
2318,MSBI
2319,MSEX
2320,MSFT
2321,MSON
2322,MSTR
2323,MSVB
2324,MTBC
2325,MTBCP
2326,MTC
2327,MTCH
2328,MTCR
2329,MTEM
2330,MTEX
2331,MTLS
2332,MTP
2333,MTRX
2334,MTSC
2335,MTSI
2336,MTSL
2337,MU
2338,MVBF
2339,MVIS
2340,MWK
2341,MXIM
2342,MYFW
2343,MYGN
2344,MYRG
2345,MYSZ
2346,MYT
2347,NAII
2348,NAKD
2349,NAOV
2350,NARI
2351,NATH
2352,NATI
2353,NATR
2354,NAVI
2355,NBAC
2356,NBACR
2357,NBACU
2358,NBACW
2359,NBEV
2360,NBIX
2361,NBLX
2362,NBN
2363,NBRV
2364,NBSE
2365,NBTB
2366,NCBS
2367,NCMI
2368,NCNA
2369,NCNO
2370,NCSM
2371,NCTY
2372,NDAQ
2373,NDLS
2374,NDRA
2375,NDRAW
2376,NDSN
2377,NEO
2378,NEOG
2379,NEON
2380,NEOS
2381,NEPH
2382,NEPT
2383,NERV
2384,NESR
2385,NESRW
2386,NETE
2387,NEWA
2388,NEWT
2389,NEWTI
2390,NEWTL
2391,NEXT
2392,NFBK
2393,NFE
2394,NFLX
2395,NFTY
2396,NGACU
2397,NGHC
2398,NGHCN
2399,NGHCO
2400,NGHCP
2401,NGHCZ
2402,NGM
2403,NGMS
2404,NH
2405,NHIC
2406,NHICU
2407,NHICW
2408,NHLD
2409,NHLDW
2410,NHTC
2411,NICE
2412,NICK
2413,NISN
2414,NIU
2415,NK
2416,NKLA
2417,NKSH
2418,NKTR
2419,NKTX
2420,NLOK
2421,NLTX
2422,NMCI
2423,NMFC
2424,NMFCL
2425,NMIH
2426,NMMC
2427,NMMCU
2428,NMMCW
2429,NMRD
2430,NMRK
2431,NMTR
2432,NNBR
2433,NNDM
2434,NNOX
2435,NOACU
2436,NODK
2437,NOVN
2438,NOVS
2439,NOVSU
2440,NOVSW
2441,NOVT
2442,NPA
2443,NPAUU
2444,NPAWW
2445,NRBO
2446,NRC
2447,NRIM
2448,NRIX
2449,NSEC
2450,NSIT
2451,NSSC
2452,NSTG
2453,NSYS
2454,NTAP
2455,NTCT
2456,NTEC
2457,NTES
2458,NTGR
2459,NTIC
2460,NTLA
2461,NTNX
2462,NTRA
2463,NTRP
2464,NTRS
2465,NTRSO
2466,NTUS
2467,NTWK
2468,NUAN
2469,NURO
2470,NUVA
2471,NUZE
2472,NVAX
2473,NVCN
2474,NVCR
2475,NVDA
2476,NVEC
2477,NVEE
2478,NVFY
2479,NVIV
2480,NVMI
2481,NVUS
2482,NWBI
2483,NWE
2484,NWFL
2485,NWL
2486,NWLI
2487,NWPX
2488,NWS
2489,NWSA
2490,NXGN
2491,NXPI
2492,NXST
2493,NXTC
2494,NXTD
2495,NXTG
2496,NYMT
2497,NYMTM
2498,NYMTN
2499,NYMTO
2500,NYMTP
2501,NYMX
2502,OAS
2503,OBAS
2504,OBCI
2505,OBLN
2506,OBNK
2507,OBSV
2508,OCC
2509,OCCI
2510,OCCIP
2511,OCFC
2512,OCFCP
2513,OCGN
2514,OCSI
2515,OCSL
2516,OCUL
2517,OCUP
2518,ODFL
2519,ODP
2520,ODT
2521,OEG
2522,OESX
2523,OFED
2524,OFIX
2525,OFLX
2526,OFS
2527,OFSSG
2528,OFSSI
2529,OFSSL
2530,OFSSZ
2531,OGI
2532,OIIM
2533,OKTA
2534,OLB
2535,OLD
2536,OLED
2537,OLLI
2538,OLMA
2539,OM
2540,OMAB
2541,OMCL
2542,OMER
2543,OMEX
2544,OMP
2545,ON
2546,ONB
2547,ONCR
2548,ONCS
2549,ONCT
2550,ONCY
2551,ONEM
2552,ONEQ
2553,ONEW
2554,ONTX
2555,ONTXW
2556,ONVO
2557,OPBK
2558,OPCH
2559,OPES
2560,OPESU
2561,OPESW
2562,OPGN
2563,OPHC
2564,OPI
2565,OPINI
2566,OPINL
2567,OPK
2568,OPNT
2569,OPOF
2570,OPRA
2571,OPRT
2572,OPRX
2573,OPT
2574,OPTN
2575,OPTT
2576,ORBC
2577,ORGO
2578,ORGS
2579,ORIC
2580,ORLY
2581,ORMP
2582,ORPH
2583,ORRF
2584,ORTX
2585,OSBC
2586,OSIS
2587,OSMT
2588,OSN
2589,OSPN
2590,OSS
2591,OSTK
2592,OSUR
2593,OSW
2594,OTEL
2595,OTEX
2596,OTIC
2597,OTLK
2598,OTLKW
2599,OTRAU
2600,OTRK
2601,OTRKP
2602,OTTR
2603,OVBC
2604,OVID
2605,OVLY
2606,OXBR
2607,OXBRW
2608,OXFD
2609,OXLC
2610,OXLCM
2611,OXLCO
2612,OXLCP
2613,OXSQ
2614,OXSQL
2615,OXSQZ
2616,OYST
2617,OZK
2618,OZON
2619,PAAS
2620,PACB
2621,PACW
2622,PAE
2623,PAEWW
2624,PAHC
2625,PAIC
2626,PAICU
2627,PAICW
2628,PAND
2629,PANL
2630,PASG
2631,PATI
2632,PATK
2633,PAVM
2634,PAVMW
2635,PAVMZ
2636,PAYA
2637,PAYAW
2638,PAYS
2639,PAYX
2640,PBCT
2641,PBCTP
2642,PBFS
2643,PBHC
2644,PBIP
2645,PBPB
2646,PBTS
2647,PBYI
2648,PCAR
2649,PCB
2650,PCH
2651,PCOM
2652,PCRX
2653,PCSA
2654,PCSB
2655,PCTI
2656,PCTY
2657,PCVX
2658,PCYG
2659,PCYO
2660,PDBC
2661,PDCE
2662,PDCO
2663,PDD
2664,PDEV
2665,PDEX
2666,PDFS
2667,PDLB
2668,PDLI
2669,PDP
2670,PDSB
2671,PEBK
2672,PEBO
2673,PECK
2674,PEGA
2675,PEIX
2676,PENN
2677,PEP
2678,PERI
2679,PESI
2680,PETQ
2681,PETS
2682,PETZ
2683,PEY
2684,PEZ
2685,PFBC
2686,PFBI
2687,PFC
2688,PFF
2689,PFG
2690,PFHD
2691,PFI
2692,PFIE
2693,PFIN
2694,PFIS
2695,PFLT
2696,PFM
2697,PFMT
2698,PFPT
2699,PFSW
2700,PGC
2701,PGEN
2702,PGJ
2703,PGNY
2704,PHAS
2705,PHAT
2706,PHCF
2707,PHICU
2708,PHIO
2709,PHIOW
2710,PHO
2711,PHUN
2712,PHUNW
2713,PI
2714,PICO
2715,PID
2716,PIE
2717,PIH
2718,PIHPP
2719,PINC
2720,PIO
2721,PIRS
2722,PIXY
2723,PIZ
2724,PKBK
2725,PKOH
2726,PKW
2727,PLAB
2728,PLAY
2729,PLBC
2730,PLC
2731,PLCE
2732,PLIN
2733,PLL
2734,PLMR
2735,PLPC
2736,PLRX
2737,PLSE
2738,PLUG
2739,PLUS
2740,PLW
2741,PLXP
2742,PLXS
2743,PLYA
2744,PMBC
2745,PMD
2746,PME
2747,PMVP
2748,PNBK
2749,PNFP
2750,PNFPP
2751,PNNT
2752,PNNTG
2753,PNQI
2754,PNRG
2755,PNTG
2756,POAI
2757,PODD
2758,POLA
2759,POOL
2760,POTX
2761,POWI
2762,POWL
2763,PPBI
2764,PPC
2765,PPD
2766,PPH
2767,PPIH
2768,PPSI
2769,PRAA
2770,PRAH
2771,PRAX
2772,PRCP
2773,PRDO
2774,PRFT
2775,PRFX
2776,PRFZ
2777,PRGS
2778,PRGX
2779,PRIM
2780,PRLD
2781,PRN
2782,PROF
2783,PROG
2784,PROV
2785,PRPH
2786,PRPL
2787,PRPLW
2788,PRPO
2789,PRQR
2790,PRSC
2791,PRTA
2792,PRTC
2793,PRTH
2794,PRTK
2795,PRTS
2796,PRVB
2797,PRVL
2798,PS
2799,PSAC
2800,PSACU
2801,PSACW
2802,PSC
2803,PSCC
2804,PSCD
2805,PSCE
2806,PSCF
2807,PSCH
2808,PSCI
2809,PSCM
2810,PSCT
2811,PSCU
2812,PSEC
2813,PSET
2814,PSHG
2815,PSL
2816,PSM
2817,PSMT
2818,PSNL
2819,PSTI
2820,PSTV
2821,PSTX
2822,PT
2823,PTAC
2824,PTACU
2825,PTACW
2826,PTC
2827,PTCT
2828,PTE
2829,PTEN
2830,PTF
2831,PTGX
2832,PTH
2833,PTI
2834,PTMN
2835,PTNR
2836,PTON
2837,PTRS
2838,PTSI
2839,PTVCA
2840,PTVCB
2841,PTVE
2842,PUI
2843,PULM
2844,PUYI
2845,PVAC
2846,PVBC
2847,PWFL
2848,PWOD
2849,PXI
2850,PXLW
2851,PXS
2852,PXSAP
2853,PXSAW
2854,PY
2855,PYPD
2856,PYPL
2857,PYZ
2858,PZZA
2859,QABA
2860,QADA
2861,QADB
2862,QAT
2863,QCLN
2864,QCOM
2865,QCRH
2866,QDEL
2867,QELL
2868,QELLU
2869,QELLW
2870,QFIN
2871,QH
2872,QIWI
2873,QK
2874,QLGN
2875,QLYS
2876,QMCO
2877,QNST
2878,QQEW
2879,QQQ
2880,QQQJ
2881,QQQM
2882,QQQN
2883,QQQX
2884,QQXT
2885,QRHC
2886,QRTEA
2887,QRTEB
2888,QRTEP
2889,QRVO
2890,QTEC
2891,QTNT
2892,QTRX
2893,QTT
2894,QUIK
2895,QUMU
2896,QURE
2897,QYLD
2898,QYLG
2899,RACA
2900,RADA
2901,RADI
2902,RAIL
2903,RAND
2904,RAPT
2905,RARE
2906,RAVE
2907,RAVN
2908,RBB
2909,RBBN
2910,RBCAA
2911,RBCN
2912,RBKB
2913,RBNC
2914,RCEL
2915,RCHG
2916,RCHGU
2917,RCHGW
2918,RCII
2919,RCKT
2920,RCKY
2921,RCM
2922,RCMT
2923,RCON
2924,RDCM
2925,RDFN
2926,RDHL
2927,RDI
2928,RDIB
2929,RDNT
2930,RDUS
2931,RDVT
2932,RDVY
2933,RDWR
2934,REAL
2935,REDU
2936,REED
2937,REFR
2938,REG
2939,REGI
2940,REGN
2941,REKR
2942,RELL
2943,RELV
2944,REPH
2945,REPL
2946,RESN
2947,RETA
2948,RETO
2949,REYN
2950,RFAP
2951,RFDI
2952,RFEM
2953,RFEU
2954,RFIL
2955,RGCO
2956,RGEN
2957,RGLD
2958,RGLS
2959,RGNX
2960,RGP
2961,RIBT
2962,RICK
2963,RIDE
2964,RIDEW
2965,RIGL
2966,RILY
2967,RILYG
2968,RILYH
2969,RILYI
2970,RILYL
2971,RILYM
2972,RILYN
2973,RILYO
2974,RILYP
2975,RILYZ
2976,RING
2977,RIOT
2978,RIVE
2979,RKDA
2980,RLAY
2981,RLMD
2982,RMBI
2983,RMBL
2984,RMBS
2985,RMCF
2986,RMNI
2987,RMR
2988,RMRM
2989,RMTI
2990,RNA
2991,RNDB
2992,RNDM
2993,RNDV
2994,RNEM
2995,RNET
2996,RNLC
2997,RNLX
2998,RNMC
2999,RNSC
3000,RNST
3001,RNWK
3002,ROAD
3003,ROBT
3004,ROCH
3005,ROCHU
3006,ROCHW
3007,ROCK
3008,ROIC
3009,ROKU
3010,ROLL
3011,ROOT
3012,ROST
3013,RP
3014,RPAY
3015,RPD
3016,RPRX
3017,RPTX
3018,RRBI
3019,RRGB
3020,RRR
3021,RSSS
3022,RTH
3023,RTLR
3024,RUBY
3025,RUHN
3026,RUN
3027,RUSHA
3028,RUSHB
3029,RUTH
3030,RVMD
3031,RVNC
3032,RVSB
3033,RWLK
3034,RXT
3035,RYAAY
3036,RYTM
3037,RZLT
3038,SABR
3039,SABRP
3040,SAFM
3041,SAFT
3042,SAGE
3043,SAIA
3044,SAII
3045,SAIIU
3046,SAIIW
3047,SAL
3048,SALM
3049,SAMA
3050,SAMAU
3051,SAMAW
3052,SAMG
3053,SANM
3054,SANW
3055,SASR
3056,SATS
3057,SAVA
3058,SBAC
3059,SBBP
3060,SBCF
3061,SBFG
3062,SBGI
3063,SBLK
3064,SBLKZ
3065,SBNY
3066,SBRA
3067,SBSI
3068,SBT
3069,SBUX
3070,SCHL
3071,SCHN
3072,SCKT
3073,SCOR
3074,SCPH
3075,SCPL
3076,SCSC
3077,SCVL
3078,SCWX
3079,SCYX
3080,SCZ
3081,SDC
3082,SDG
3083,SDGR
3084,SDVY
3085,SEAC
3086,SECO
3087,SEDG
3088,SEED
3089,SEEL
3090,SEIC
3091,SELB
3092,SELF
3093,SENEA
3094,SENEB
3095,SESN
3096,SFBC
3097,SFBS
3098,SFET
3099,SFIX
3100,SFM
3101,SFNC
3102,SFST
3103,SFT
3104,SFTTW
3105,SG
3106,SGA
3107,SGBX
3108,SGC
3109,SGEN
3110,SGH
3111,SGLB
3112,SGLBW
3113,SGMA
3114,SGMO
3115,SGMS
3116,SGOC
3117,SGRP
3118,SGRY
3119,SHBI
3120,SHC
3121,SHEN
3122,SHIP
3123,SHIPW
3124,SHIPZ
3125,SHLD
3126,SHOO
3127,SHSP
3128,SHV
3129,SHY
3130,SHYF
3131,SIBN
3132,SIC
3133,SIEB
3134,SIEN
3135,SIFY
3136,SIGA
3137,SIGI
3138,SILC
3139,SILK
3140,SIMO
3141,SINA
3142,SINO
3143,SINT
3144,SIOX
3145,SIRI
3146,SITM
3147,SIVB
3148,SIVBP
3149,SJ
3150,SKOR
3151,SKYW
3152,SKYY
3153,SLAB
3154,SLCT
3155,SLDB
3156,SLGG
3157,SLGL
3158,SLGN
3159,SLM
3160,SLMBP
3161,SLN
3162,SLNO
3163,SLP
3164,SLQD
3165,SLRC
3166,SLRX
3167,SLS
3168,SLVO
3169,SMBC
3170,SMBK
3171,SMCI
3172,SMCP
3173,SMED
3174,SMH
3175,SMID
3176,SMIT
3177,SMMC
3178,SMMCU
3179,SMMCW
3180,SMMF
3181,SMMT
3182,SMPL
3183,SMSI
3184,SMTC
3185,SMTI
3186,SMTX
3187,SNBP
3188,SNBR
3189,SNCA
3190,SNCR
3191,SND
3192,SNDE
3193,SNDL
3194,SNDX
3195,SNES
3196,SNEX
3197,SNFCA
3198,SNGX
3199,SNGXW
3200,SNLN
3201,SNOA
3202,SNPS
3203,SNSR
3204,SNSS
3205,SNUG
3206,SNY
3207,SOCL
3208,SOHO
3209,SOHOB
3210,SOHON
3211,SOHOO
3212,SOHU
3213,SOLO
3214,SOLOW
3215,SOLY
3216,SONA
3217,SONM
3218,SONN
3219,SONO
3220,SOXX
3221,SP
3222,SPCB
3223,SPFI
3224,SPI
3225,SPKE
3226,SPKEP
3227,SPLK
3228,SPNE
3229,SPNS
3230,SPOK
3231,SPPI
3232,SPQQ
3233,SPRB
3234,SPRO
3235,SPRT
3236,SPSC
3237,SPT
3238,SPTN
3239,SPWH
3240,SPWR
3241,SQBG
3242,SQFT
3243,SQLV
3244,SQQQ
3245,SRAC
3246,SRACU
3247,SRACW
3248,SRAX
3249,SRCE
3250,SRCL
3251,SRDX
3252,SRET
3253,SREV
3254,SRGA
3255,SRNE
3256,SRPT
3257,SRRA
3258,SRRK
3259,SRSAU
3260,SRTS
3261,SSB
3262,SSBI
3263,SSKN
3264,SSNC
3265,SSNT
3266,SSP
3267,SSPK
3268,SSPKU
3269,SSPKW
3270,SSRM
3271,SSSS
3272,SSTI
3273,SSYS
3274,STAA
3275,STAF
3276,STAY
3277,STBA
3278,STCN
3279,STEP
3280,STFC
3281,STIM
3282,STKL
3283,STKS
3284,STLD
3285,STMP
3286,STND
3287,STNE
3288,STOK
3289,STRA
3290,STRL
3291,STRM
3292,STRO
3293,STRS
3294,STRT
3295,STSA
3296,STTK
3297,STWO
3298,STWOU
3299,STWOW
3300,STX
3301,STXB
3302,SUMO
3303,SUMR
3304,SUNS
3305,SUNW
3306,SUPN
3307,SURF
3308,SUSB
3309,SUSC
3310,SUSL
3311,SVA
3312,SVAC
3313,SVACU
3314,SVACW
3315,SVBI
3316,SVC
3317,SVMK
3318,SVRA
3319,SVSVU
3320,SVVC
3321,SWAV
3322,SWBI
3323,SWIR
3324,SWKH
3325,SWKS
3326,SWTX
3327,SXTC
3328,SY
3329,SYBT
3330,SYBX
3331,SYKE
3332,SYNA
3333,SYNC
3334,SYNH
3335,SYNL
3336,SYPR
3337,SYRS
3338,SYTA
3339,SYTAW
3340,TA
3341,TACO
3342,TACT
3343,TAIT
3344,TANH
3345,TANNI
3346,TANNL
3347,TANNZ
3348,TAOP
3349,TARA
3350,TARS
3351,TAST
3352,TATT
3353,TAYD
3354,TBBK
3355,TBIO
3356,TBK
3357,TBKCP
3358,TBLT
3359,TBLTW
3360,TBNK
3361,TBPH
3362,TC
3363,TCBI
3364,TCBIL
3365,TCBIP
3366,TCBK
3367,TCCO
3368,TCDA
3369,TCF
3370,TCFC
3371,TCFCP
3372,TCMD
3373,TCOM
3374,TCON
3375,TCPC
3376,TCRR
3377,TCX
3378,TDAC
3379,TDACU
3380,TDACW
3381,TDIV
3382,TEAM
3383,TECH
3384,TECTP
3385,TEDU
3386,TEKKU
3387,TELA
3388,TELL
3389,TENB
3390,TENX
3391,TER
3392,TESS
3393,TFFP
3394,TFSL
3395,TGA
3396,TGLS
3397,TGTX
3398,TH
3399,THBR
3400,THBRU
3401,THBRW
3402,THCA
3403,THCAU
3404,THCAW
3405,THCB
3406,THCBU
3407,THCBW
3408,THFF
3409,THMO
3410,THRM
3411,THRY
3412,THTX
3413,THWWW
3414,TIG
3415,TIGO
3416,TIGR
3417,TILE
3418,TIPT
3419,TITN
3420,TLC
3421,TLGT
3422,TLMD
3423,TLMDW
3424,TLND
3425,TLRY
3426,TLS
3427,TLSA
3428,TLT
3429,TMDI
3430,TMDX
3431,TMPMU
3432,TMTS
3433,TMTSU
3434,TMTSW
3435,TMUS
3436,TNAV
3437,TNDM
3438,TNXP
3439,TOMZ
3440,TOPS
3441,TOTA
3442,TOTAR
3443,TOTAU
3444,TOTAW
3445,TOUR
3446,TOWN
3447,TPCO
3448,TPIC
3449,TPTX
3450,TQQQ
3451,TRCH
3452,TREE
3453,TRHC
3454,TRIB
3455,TRIL
3456,TRIP
3457,TRIT
3458,TRITW
3459,TRMB
3460,TRMD
3461,TRMK
3462,TRMT
3463,TRNS
3464,TROW
3465,TRS
3466,TRST
3467,TRUE
3468,TRUP
3469,TRVG
3470,TRVI
3471,TRVN
3472,TSBK
3473,TSC
3474,TSCAP
3475,TSCBP
3476,TSCO
3477,TSEM
3478,TSHA
3479,TSIAU
3480,TSLA
3481,TSRI
3482,TTCF
3483,TTCFW
3484,TTD
3485,TTEC
3486,TTEK
3487,TTGT
3488,TTMI
3489,TTNP
3490,TTOO
3491,TTWO
3492,TUR
3493,TURN
3494,TUSA
3495,TUSK
3496,TVTX
3497,TVTY
3498,TW
3499,TWCT
3500,TWCTU
3501,TWCTW
3502,TWIN
3503,TWNK
3504,TWNKW
3505,TWOU
3506,TWST
3507,TXG
3508,TXMD
3509,TXN
3510,TXRH
3511,TYHT
3512,TYME
3513,TZAC
3514,TZACU
3515,TZACW
3516,TZOO
3517,UAE
3518,UAL
3519,UBCP
3520,UBFO
3521,UBOH
3522,UBSI
3523,UBX
3524,UCBI
3525,UCBIO
3526,UCL
3527,UCTT
3528,UEIC
3529,UEPS
3530,UFCS
3531,UFO
3532,UFPI
3533,UFPT
3534,UG
3535,UHAL
3536,UIHC
3537,UK
3538,UKOMW
3539,ULBI
3540,ULH
3541,ULTA
3542,UMBF
3543,UMPQ
3544,UNAM
3545,UNB
3546,UNIT
3547,UNTY
3548,UONE
3549,UONEK
3550,UPLD
3551,UPWK
3552,URBN
3553,URGN
3554,UROV
3555,USAK
3556,USAP
3557,USAT
3558,USAU
3559,USCR
3560,USEG
3561,USIG
3562,USIO
3563,USLB
3564,USLM
3565,USMC
3566,USOI
3567,USWS
3568,USWSW
3569,USXF
3570,UTHR
3571,UTMD
3572,UTSI
3573,UVSP
3574,UXIN
3575,VACQ
3576,VACQU
3577,VACQW
3578,VALU
3579,VBFC
3580,VBIV
3581,VBLT
3582,VBTX
3583,VC
3584,VCEL
3585,VCIT
3586,VCLT
3587,VCNX
3588,VCSH
3589,VCTR
3590,VCVCU
3591,VCYT
3592,VECO
3593,VEON
3594,VERB
3595,VERBW
3596,VERI
3597,VERO
3598,VERU
3599,VERX
3600,VERY
3601,VETS
3602,VFF
3603,VG
3604,VGIT
3605,VGLT
3606,VGSH
3607,VIAC
3608,VIACA
3609,VIAV
3610,VICR
3611,VIE
3612,VIGI
3613,VIH
3614,VIHAU
3615,VIHAW
3616,VIOT
3617,VIR
3618,VIRC
3619,VIRT
3620,VISL
3621,VITL
3622,VIVE
3623,VIVO
3624,VJET
3625,VKTX
3626,VKTXW
3627,VLDR
3628,VLDRW
3629,VLGEA
3630,VLY
3631,VLYPO
3632,VLYPP
3633,VMAC
3634,VMACU
3635,VMACW
3636,VMAR
3637,VMBS
3638,VMD
3639,VNDA
3640,VNET
3641,VNOM
3642,VNQI
3643,VOD
3644,VONE
3645,VONG
3646,VONV
3647,VOXX
3648,VPN
3649,VRA
3650,VRAY
3651,VRCA
3652,VREX
3653,VRIG
3654,VRM
3655,VRME
3656,VRMEW
3657,VRNA
3658,VRNS
3659,VRNT
3660,VRRM
3661,VRSK
3662,VRSN
3663,VRTS
3664,VRTU
3665,VRTX
3666,VSAT
3667,VSDA
3668,VSEC
3669,VSMV
3670,VSPR
3671,VSPRU
3672,VSPRW
3673,VSTA
3674,VSTM
3675,VTC
3676,VTGN
3677,VTHR
3678,VTIP
3679,VTNR
3680,VTRN
3681,VTRS
3682,VTRU
3683,VTSI
3684,VTVT
3685,VTWG
3686,VTWO
3687,VTWV
3688,VUZI
3689,VVPR
3690,VWOB
3691,VXRT
3692,VXUS
3693,VYGR
3694,VYMI
3695,VYNE
3696,WABC
3697,WAFD
3698,WAFU
3699,WASH
3700,WATT
3701,WB
3702,WBA
3703,WBND
3704,WCLD
3705,WDAY
3706,WDC
3707,WDFC
3708,WEN
3709,WERN
3710,WETF
3711,WEYS
3712,WHF
3713,WHFBZ
3714,WHLM
3715,WHLR
3716,WHLRD
3717,WHLRP
3718,WIFI
3719,WILC
3720,WIMI
3721,WINA
3722,WINC
3723,WING
3724,WINT
3725,WIRE
3726,WISA
3727,WIX
3728,WKEY
3729,WKHS
3730,WLDN
3731,WLFC
3732,WLTW
3733,WMG
3734,WNEB
3735,WOOD
3736,WORX
3737,WPRT
3738,WRLD
3739,WRTC
3740,WSBC
3741,WSBCP
3742,WSBF
3743,WSC
3744,WSFS
3745,WSG
3746,WSTG
3747,WTBA
3748,WTER
3749,WTFC
3750,WTFCM
3751,WTFCP
3752,WTRE
3753,WTREP
3754,WTRH
3755,WVE
3756,WVFC
3757,WVVI
3758,WVVIP
3759,WW
3760,WWD
3761,WWR
3762,WYNN
3763,XAIR
3764,XBIO
3765,XBIOW
3766,XBIT
3767,XCUR
3768,XEL
3769,XELA
3770,XELB
3771,XENE
3772,XENT
3773,XERS
3774,XFOR
3775,XGN
3776,XLNX
3777,XLRN
3778,XNCR
3779,XNET
3780,XOMA
3781,XONE
3782,XP
3783,XPEL
3784,XPER
3785,XRAY
3786,XSPA
3787,XT
3788,XTLB
3789,YGMZ
3790,YI
3791,YJ
3792,YLCO
3793,YLDE
3794,YMAB
3795,YNDX
3796,YORW
3797,YRCW
3798,YSACU
3799,YTEN
3800,YTRA
3801,YVR
3802,YY
3803,Z
3804,ZAGG
3805,ZAZZT
3806,ZBRA
3807,ZBZZT
3808,ZCMD
3809,ZCZZT
3810,ZEAL
3811,ZEUS
3812,ZG
3813,ZGNX
3814,ZGYH
3815,ZGYHR
3816,ZGYHU
3817,ZGYHW
3818,ZI
3819,ZION
3820,ZIONL
3821,ZIONN
3822,ZIONO
3823,ZIONP
3824,ZIOP
3825,ZIXI
3826,ZJZZT
3827,ZKIN
3828,ZLAB
3829,ZM
3830,ZNGA
3831,ZNTEU
3832,ZNTL
3833,ZS
3834,ZSAN
3835,ZUMZ
3836,ZVO
3837,ZVZZC
3838,ZVZZT
3839,ZWZZT
3840,ZXYZ-A
3841,ZXZZT
3842,ZYNE
3843,ZYXI
